{
	"description": "项目配置文件",
	"packOptions": {
		"ignore": []
	},
	"setting": {
		"urlCheck": false,
		"es6": true,
		"postcss": true,
		"minified": true,
		"newFeature": true,
		"autoAudits": false
	},
	"compileType": "miniprogram",
	"libVersion": "2.6.5",
	"appid": "wxdc831cd8fb7ca2f5",
	"projectname": "store",
	"debugOptions": {
		"hidedInDevtools": []
	},
	"isGameTourist": false,
	"condition": {
		"search": {
			"current": -1,
			"list": []
		},
		"conversation": {
			"current": -1,
			"list": []
		},
		"plugin": {
			"current": -1,
			"list": []
		},
		"game": {
			"currentL": -1,
			"list": []
		},
		"miniprogram": {
			"current": 5,
			"list": [
				{
					"id": -1,
					"name": "demo",
					"pathName": "pages/demo/demo",
					"query": "",
					"scene": null
				},
				{
					"id": -1,
					"name": "index",
					"pathName": "pages/index/index",
					"query": "",
					"scene": null
				},
				{
					"id": -1,
					"name": "group",
					"pathName": "pages/group/group",
					"query": "",
					"scene": null
				},
				{
					"id": -1,
					"name": "classify",
					"pathName": "pages/classify/classify",
					"query": "",
					"scene": null
				},
				{
					"id": -1,
					"name": "shopcar",
					"pathName": "pages/shopcar/shopcar",
					"query": "",
					"scene": null
				},
				{
					"id": -1,
					"name": "user",
					"pathName": "pages/user/user",
					"scene": null
				}
			]
		}
	}
}